{
    "Random Forest": {
        "model_name": "Random Forest",
        "roc_auc": 0.5273102487135506,
        "pr_auc": 0.3241169847199909,
        "f1_score_positive_class": 0.04395604395604396
    },
    "SVM": {
        "model_name": "SVM",
        "roc_auc": 0.5998606346483705,
        "pr_auc": 0.3735455419089019,
        "f1_score_positive_class": 0.3917525773195876
    },
    "XGBoost": {
        "model_name": "XGBoost",
        "roc_auc": 0.5162414236706689,
        "pr_auc": 0.3071939571732452,
        "f1_score_positive_class": 0.28205128205128205
    },
    "LightGBM": {
        "model_name": "LightGBM",
        "roc_auc": 0.4930853344768439,
        "pr_auc": 0.29469217262203046,
        "f1_score_positive_class": 0.30409356725146197
    },
    "CatBoost": {
        "model_name": "CatBoost",
        "roc_auc": 0.5152765866209262,
        "pr_auc": 0.2928388435772796,
        "f1_score_positive_class": 0.17687074829931973
    }
}